,c,python,java
initialize,1.2406797409057617,0.6391763687133789,5.9159040451049805
compile,0.06735481977462769,0.0,0.5703489351272583
load_code,0.009761335849761963,0.1442436981201172,0.015452399253845214
execute,0.19278866052627563,3.259587924480438,1.2803850150108338
