,c,python,java
initialize,1.2527856826782227,0.6389894485473633,5.5125732421875
compile,0.06067734479904175,0.0,0.6024987745285034
load_code,0.00973142147064209,0.143786678314209,0.015049846172332763
execute,0.17465903759002685,3.2300056409835816,2.3115039396286012
