{
    "init": 1.2769966125488281,
    "scenario": {
        "0": {
            "exec": 0.30408430099487305,
            "step": 1
        },
        "1": {
            "exec": 0.1315441131591797,
            "step": 2
        },
        "2": {
            "exec": 0.1146538257598877,
            "step": 3
        },
        "3": {
            "exec": 0.13226938247680664,
            "step": 4
        },
        "4": {
            "exec": 0.11342048645019531,
            "step": 4
        },
        "5": {
            "exec": 0.1264665126800537,
            "step": 5
        },
        "6": {
            "exec": 0.17285656929016113,
            "step": 8
        },
        "7": {
            "exec": 0.11923813819885254,
            "step": 9
        },
        "8": {
            "exec": 0.1002352237701416,
            "step": 8
        },
        "9": {
            "exec": 0.2276308536529541,
            "step": 17
        },
        "10": {
            "exec": 0.14771127700805664,
            "step": 13
        },
        "11": {
            "exec": 0.1683216094970703,
            "step": 17
        },
        "12": {
            "exec": 0.09364461898803711,
            "step": 8
        },
        "13": {
            "exec": 0.1609032154083252,
            "step": 17
        },
        "14": {
            "exec": 0.11296606063842773,
            "step": 12
        },
        "15": {
            "exec": 0.13891863822937012,
            "step": 16
        },
        "16": {
            "exec": 1.9451944828033447,
            "step": 81
        },
        "17": {
            "exec": 0.389049768447876,
            "step": 20
        },
        "18": {
            "exec": 0.2502264976501465,
            "step": 20
        }
    }
}