{
    "init": 0.7236480712890625,
    "scenario": {
        "0": {
            "load": 0.06648397445678711,
            "exec": 0.4850327968597412,
            "step": 1
        },
        "1": {
            "load": 0.059133052825927734,
            "exec": 0.5137419700622559,
            "step": 2
        },
        "2": {
            "load": 0.05670428276062012,
            "exec": 0.5995147228240967,
            "step": 3
        },
        "3": {
            "load": 0.06312870979309082,
            "exec": 0.6873562335968018,
            "step": 4
        },
        "4": {
            "load": 0.06132936477661133,
            "exec": 0.7015399932861328,
            "step": 4
        },
        "5": {
            "load": 0.060912370681762695,
            "exec": 0.7809395790100098,
            "step": 5
        },
        "6": {
            "load": 0.0587313175201416,
            "exec": 0.956911563873291,
            "step": 7
        },
        "7": {
            "load": 0.05345606803894043,
            "exec": 1.066465139389038,
            "step": 8
        },
        "8": {
            "load": 0.054464101791381836,
            "exec": 1.0532348155975342,
            "step": 8
        },
        "9": {
            "load": 0.0609285831451416,
            "exec": 1.8656833171844482,
            "step": 17
        },
        "10": {
            "load": 0.05569028854370117,
            "exec": 1.5231437683105469,
            "step": 13
        },
        "11": {
            "load": 0.054390668869018555,
            "exec": 1.8771061897277832,
            "step": 17
        },
        "12": {
            "load": 0.05610299110412598,
            "exec": 1.0550205707550049,
            "step": 8
        },
        "13": {
            "load": 0.05907869338989258,
            "exec": 1.8953230381011963,
            "step": 17
        },
        "14": {
            "load": 0.05432915687561035,
            "exec": 1.4149255752563477,
            "step": 12
        },
        "15": {
            "load": 0.0554051399230957,
            "exec": 1.7910895347595215,
            "step": 16
        },
        "16": {
            "load": 0.055619001388549805,
            "exec": 8.345460653305054,
            "step": 81
        },
        "17": {
            "load": 0.08311939239501953,
            "exec": 2.1063883304595947,
            "step": 19
        },
        "18": {
            "load": 0.054979801177978516,
            "exec": 2.1731836795806885,
            "step": 20
        }
    }
}