{
    "init": 6.6880128383636475,
    "scenario": {
        "0": {
            "exec": 2.2126221656799316,
            "step": 1
        },
        "1": {
            "exec": 1.485039234161377,
            "step": 2
        },
        "2": {
            "exec": 1.6620471477508545,
            "step": 3
        },
        "3": {
            "exec": 1.5592560768127441,
            "step": 4
        },
        "4": {
            "exec": 1.3992650508880615,
            "step": 4
        },
        "5": {
            "exec": 1.4605238437652588,
            "step": 5
        },
        "6": {
            "exec": 1.716113805770874,
            "step": 7
        },
        "7": {
            "exec": 1.7599070072174072,
            "step": 8
        },
        "8": {
            "exec": 0.9766743183135986,
            "step": 7
        },
        "9": {
            "exec": 2.6400017738342285,
            "step": 18
        },
        "10": {
            "exec": 1.5333881378173828,
            "step": 13
        },
        "11": {
            "exec": 2.003281593322754,
            "step": 18
        },
        "12": {
            "exec": 0.9569597244262695,
            "step": 7
        },
        "13": {
            "exec": 1.9698784351348877,
            "step": 18
        },
        "14": {
            "exec": 1.420391321182251,
            "step": 12
        },
        "15": {
            "exec": 1.8827869892120361,
            "step": 17
        },
        "16": {
            "exec": 7.876538515090942,
            "step": 80
        },
        "17": {
            "exec": 3.1453757286071777,
            "step": 22
        },
        "18": {
            "exec": 2.936891794204712,
            "step": 22
        }
    }
}