{
    "init": 6.134545803070068,
    "scenario": {
        "0": {
            "exec": 1.5381686687469482,
            "step": 1
        },
        "1": {
            "exec": 1.0388991832733154,
            "step": 2
        },
        "2": {
            "exec": 1.042219877243042,
            "step": 3
        },
        "3": {
            "exec": 1.055955171585083,
            "step": 4
        },
        "4": {
            "exec": 1.0792107582092285,
            "step": 4
        },
        "5": {
            "exec": 1.10601806640625,
            "step": 5
        },
        "6": {
            "exec": 1.2266392707824707,
            "step": 7
        },
        "7": {
            "exec": 1.209512710571289,
            "step": 8
        },
        "8": {
            "exec": 0.5696983337402344,
            "step": 7
        },
        "9": {
            "exec": 1.7402098178863525,
            "step": 18
        },
        "10": {
            "exec": 0.8892433643341064,
            "step": 13
        },
        "11": {
            "exec": 1.1634764671325684,
            "step": 18
        },
        "12": {
            "exec": 0.5730080604553223,
            "step": 7
        },
        "13": {
            "exec": 1.1434578895568848,
            "step": 18
        },
        "14": {
            "exec": 0.8136191368103027,
            "step": 12
        },
        "15": {
            "exec": 1.0863287448883057,
            "step": 17
        },
        "16": {
            "exec": 5.470471143722534,
            "step": 100
        },
        "17": {
            "exec": 2.055582284927368,
            "step": 22
        },
        "18": {
            "exec": 1.8395237922668457,
            "step": 22
        }
    }
}