{
    "init": 1.0069656372070312,
    "scenario": {
        "0": {
            "load": 0.13887405395507812,
            "exec": 0.8399538993835449,
            "step": 2
        },
        "1": {
            "load": 0.14287686347961426,
            "exec": 0.8435485363006592,
            "step": 2
        },
        "2": {
            "load": 0.1365041732788086,
            "exec": 0.946587324142456,
            "step": 3
        },
        "3": {
            "load": 0.14035630226135254,
            "exec": 1.103295087814331,
            "step": 4
        },
        "4": {
            "load": 0.14362692832946777,
            "exec": 1.1032559871673584,
            "step": 4
        },
        "5": {
            "load": 0.14281058311462402,
            "exec": 1.2699880599975586,
            "step": 5
        },
        "6": {
            "load": 0.1403520107269287,
            "exec": 1.5232892036437988,
            "step": 7
        },
        "7": {
            "load": 0.14293789863586426,
            "exec": 1.6798419952392578,
            "step": 8
        },
        "8": {
            "load": 0.13710570335388184,
            "exec": 1.6566133499145508,
            "step": 8
        },
        "9": {
            "load": 0.15011072158813477,
            "exec": 3.350013017654419,
            "step": 20
        },
        "10": {
            "load": 0.14685702323913574,
            "exec": 2.65327525138855,
            "step": 15
        },
        "11": {
            "load": 0.15047812461853027,
            "exec": 3.3533589839935303,
            "step": 20
        },
        "12": {
            "load": 0.1400771141052246,
            "exec": 1.823237419128418,
            "step": 9
        },
        "13": {
            "load": 0.14022064208984375,
            "exec": 3.3632590770721436,
            "step": 20
        },
        "14": {
            "load": 0.14696145057678223,
            "exec": 2.4833641052246094,
            "step": 14
        },
        "15": {
            "load": 0.15028619766235352,
            "exec": 3.193225383758545,
            "step": 19
        },
        "16": {
            "load": 0.1537926197052002,
            "exec": 12.250130414962769,
            "step": 81
        },
        "17": {
            "load": 0.1403958797454834,
            "exec": 3.2030820846557617,
            "step": 19
        },
        "18": {
            "load": 0.1460280418395996,
            "exec": 3.3165526390075684,
            "step": 20
        }
    }
}