{
    "init": 7.287540674209595,
    "scenario": {
        "0": {
            "exec": 2.02420973777771,
            "step": 1
        },
        "1": {
            "exec": 1.5157599449157715,
            "step": 2
        },
        "2": {
            "exec": 2.062690496444702,
            "step": 3
        },
        "3": {
            "exec": 1.629819631576538,
            "step": 4
        },
        "4": {
            "exec": 1.3900041580200195,
            "step": 4
        },
        "5": {
            "exec": 1.589400053024292,
            "step": 5
        },
        "6": {
            "exec": 1.6934523582458496,
            "step": 7
        },
        "7": {
            "exec": 1.6901860237121582,
            "step": 8
        },
        "8": {
            "exec": 0.9468104839324951,
            "step": 7
        },
        "9": {
            "exec": 2.603595495223999,
            "step": 18
        },
        "10": {
            "exec": 1.5036988258361816,
            "step": 13
        },
        "11": {
            "exec": 1.9632256031036377,
            "step": 18
        },
        "12": {
            "exec": 0.9269204139709473,
            "step": 7
        },
        "13": {
            "exec": 1.9566481113433838,
            "step": 18
        },
        "14": {
            "exec": 1.3969802856445312,
            "step": 12
        },
        "15": {
            "exec": 1.8266057968139648,
            "step": 17
        },
        "16": {
            "exec": 7.786514759063721,
            "step": 80
        },
        "17": {
            "exec": 3.0390968322753906,
            "step": 22
        },
        "18": {
            "exec": 2.950437545776367,
            "step": 22
        }
    }
}