{
    "init": 0.6261770725250244,
    "scenario": {
        "0": {
            "load": 0.1491527557373047,
            "exec": 0.8268136978149414,
            "step": 2
        },
        "1": {
            "load": 0.14609742164611816,
            "exec": 0.8332560062408447,
            "step": 2
        },
        "2": {
            "load": 0.14672422409057617,
            "exec": 0.9832510948181152,
            "step": 3
        },
        "3": {
            "load": 0.1429758071899414,
            "exec": 1.1026949882507324,
            "step": 4
        },
        "4": {
            "load": 0.14308691024780273,
            "exec": 1.0866892337799072,
            "step": 4
        },
        "5": {
            "load": 0.143035888671875,
            "exec": 1.243215560913086,
            "step": 5
        },
        "6": {
            "load": 0.14678001403808594,
            "exec": 1.5063796043395996,
            "step": 7
        },
        "7": {
            "load": 0.14290785789489746,
            "exec": 1.619493007659912,
            "step": 8
        },
        "8": {
            "load": 0.14681363105773926,
            "exec": 1.6428587436676025,
            "step": 8
        },
        "9": {
            "load": 0.14327692985534668,
            "exec": 3.2801077365875244,
            "step": 20
        },
        "10": {
            "load": 0.14275908470153809,
            "exec": 2.566457509994507,
            "step": 15
        },
        "11": {
            "load": 0.14619946479797363,
            "exec": 3.223254919052124,
            "step": 20
        },
        "12": {
            "load": 0.1438312530517578,
            "exec": 1.769423484802246,
            "step": 9
        },
        "13": {
            "load": 0.14274358749389648,
            "exec": 3.2169833183288574,
            "step": 20
        },
        "14": {
            "load": 0.14278626441955566,
            "exec": 2.4465386867523193,
            "step": 14
        },
        "15": {
            "load": 0.14289331436157227,
            "exec": 3.1098792552948,
            "step": 19
        },
        "16": {
            "load": 0.1431434154510498,
            "exec": 7.790212869644165,
            "step": 51
        },
        "17": {
            "load": 0.14909005165100098,
            "exec": 3.0936458110809326,
            "step": 19
        },
        "18": {
            "load": 0.14344477653503418,
            "exec": 3.249925374984741,
            "step": 20
        }
    }
}