{
    "init": 1.280454158782959,
    "scenario": {
        "0": {
            "exec": 0.3178067207336426,
            "step": 1
        },
        "1": {
            "exec": 0.12720465660095215,
            "step": 2
        },
        "2": {
            "exec": 0.1256864070892334,
            "step": 3
        },
        "3": {
            "exec": 0.15031766891479492,
            "step": 4
        },
        "4": {
            "exec": 0.14927387237548828,
            "step": 4
        },
        "5": {
            "exec": 0.1628129482269287,
            "step": 5
        },
        "6": {
            "exec": 0.24048113822937012,
            "step": 8
        },
        "7": {
            "exec": 0.14476442337036133,
            "step": 9
        },
        "8": {
            "exec": 0.12556982040405273,
            "step": 8
        },
        "9": {
            "exec": 0.27478957176208496,
            "step": 17
        },
        "10": {
            "exec": 0.14304256439208984,
            "step": 13
        },
        "11": {
            "exec": 0.1738903522491455,
            "step": 17
        },
        "12": {
            "exec": 0.11698293685913086,
            "step": 8
        },
        "13": {
            "exec": 0.18969440460205078,
            "step": 17
        },
        "14": {
            "exec": 0.1265852451324463,
            "step": 12
        },
        "15": {
            "exec": 0.17976021766662598,
            "step": 16
        },
        "16": {
            "exec": 2.0482118129730225,
            "step": 81
        },
        "17": {
            "exec": 0.5390720367431641,
            "step": 20
        },
        "18": {
            "exec": 0.2995796203613281,
            "step": 20
        }
    }
}