{
    "init": 6.337513208389282,
    "scenario": {
        "0": {
            "exec": 1.4758377075195312,
            "step": 1
        },
        "1": {
            "exec": 1.1529691219329834,
            "step": 2
        },
        "2": {
            "exec": 1.2630784511566162,
            "step": 3
        },
        "3": {
            "exec": 1.3097748756408691,
            "step": 4
        },
        "4": {
            "exec": 1.3067541122436523,
            "step": 4
        },
        "5": {
            "exec": 1.365598440170288,
            "step": 5
        },
        "6": {
            "exec": 1.5899007320404053,
            "step": 7
        },
        "7": {
            "exec": 1.7498888969421387,
            "step": 8
        },
        "8": {
            "exec": 0.9935195446014404,
            "step": 7
        },
        "9": {
            "exec": 2.6732139587402344,
            "step": 18
        },
        "10": {
            "exec": 1.5328102111816406,
            "step": 13
        },
        "11": {
            "exec": 2.0066590309143066,
            "step": 18
        },
        "12": {
            "exec": 0.996593713760376,
            "step": 7
        },
        "13": {
            "exec": 1.9766426086425781,
            "step": 18
        },
        "14": {
            "exec": 1.4467206001281738,
            "step": 12
        },
        "15": {
            "exec": 1.8792750835418701,
            "step": 17
        },
        "16": {
            "exec": 7.870666980743408,
            "step": 80
        },
        "17": {
            "exec": 3.0858898162841797,
            "step": 22
        },
        "18": {
            "exec": 2.8966410160064697,
            "step": 22
        }
    }
}