{
    "init": 1.3987247943878174,
    "scenario": {
        "0": {
            "exec": 0.29942870140075684,
            "step": 1
        },
        "1": {
            "exec": 0.12476587295532227,
            "step": 2
        },
        "2": {
            "exec": 0.12279534339904785,
            "step": 3
        },
        "3": {
            "exec": 0.13949847221374512,
            "step": 4
        },
        "4": {
            "exec": 0.14568400382995605,
            "step": 4
        },
        "5": {
            "exec": 0.14002466201782227,
            "step": 5
        },
        "6": {
            "exec": 0.20267319679260254,
            "step": 8
        },
        "7": {
            "exec": 0.1555166244506836,
            "step": 9
        },
        "8": {
            "exec": 0.10796523094177246,
            "step": 8
        },
        "9": {
            "exec": 0.26615238189697266,
            "step": 17
        },
        "10": {
            "exec": 0.19807887077331543,
            "step": 13
        },
        "11": {
            "exec": 0.19723272323608398,
            "step": 17
        },
        "12": {
            "exec": 0.09973025321960449,
            "step": 8
        },
        "13": {
            "exec": 0.21811318397521973,
            "step": 17
        },
        "14": {
            "exec": 0.14272809028625488,
            "step": 12
        },
        "15": {
            "exec": 0.2722146511077881,
            "step": 16
        },
        "16": {
            "exec": 2.647157907485962,
            "step": 81
        },
        "17": {
            "exec": 0.6291940212249756,
            "step": 20
        },
        "18": {
            "exec": 0.29259490966796875,
            "step": 20
        }
    }
}